{"cameraMode":{"drawMode":0,"name":"Shaded","section":"Shading Mode"},"sceneLighting":false,"audioPlay":false,"sceneViewState":{"showFog":true,"showMaterialUpdate":true,"showSkybox":false,"showFlares":true,"showImageEffects":true,"showParticleSystems":true,"showVisualEffectGraphs":true},"in2DMode":false,"pivot":{"x":-0.18096813559532166,"y":0.8087893128395081,"z":-0.04383719712495804},"rotation":{"x":-0.13058380782604218,"y":-0.8594180941581726,"z":0.27180591225624087,"w":-0.4129166901111603},"size":7.526721000671387,"orthographic":false}