{"cameraMode":{"drawMode":0,"name":"Shaded","section":"Shading Mode"},"sceneLighting":false,"audioPlay":false,"sceneViewState":{"showFog":true,"showMaterialUpdate":true,"showSkybox":false,"showFlares":true,"showImageEffects":true,"showParticleSystems":true,"showVisualEffectGraphs":true},"in2DMode":false,"pivot":{"x":-0.4533233642578125,"y":1.6296138763427735,"z":-0.030028104782104493},"rotation":{"x":-0.09057703614234925,"y":-0.9014357924461365,"z":0.22951245307922364,"w":-0.35575851798057558},"size":3.471414089202881,"orthographic":false}