{"cameraMode":{"drawMode":0,"name":"Shaded","section":"Shading Mode"},"sceneLighting":true,"audioPlay":false,"sceneViewState":{"showFog":false,"showMaterialUpdate":false,"showSkybox":false,"showFlares":false,"showImageEffects":false,"showParticleSystems":false,"showVisualEffectGraphs":false},"in2DMode":false,"pivot":{"x":-0.19998550415039063,"y":-0.9214973449707031,"z":-51.40000915527344},"rotation":{"x":-0.24610328674316407,"y":0.16248492896556855,"z":-0.04190630838274956,"w":-0.9546250700950623},"size":50.102176666259769,"orthographic":false}