{"cameraMode":{"drawMode":0,"name":"Shaded","section":"Shading Mode"},"sceneLighting":false,"audioPlay":false,"sceneViewState":{"showFog":false,"showMaterialUpdate":false,"showSkybox":false,"showFlares":false,"showImageEffects":false,"showParticleSystems":false,"showVisualEffectGraphs":false},"in2DMode":false,"pivot":{"x":-3.9808874130249025,"y":-6.143648624420166,"z":27.480419158935548},"rotation":{"x":-0.25202006101608279,"y":-0.5062970519065857,"z":0.15762419998645783,"w":-0.8095291256904602},"size":0.43200019001960757,"orthographic":false}