{"cameraMode":{"drawMode":0,"name":"Shaded","section":"Shading Mode"},"sceneLighting":true,"audioPlay":false,"sceneViewState":{"showFog":true,"showMaterialUpdate":false,"showSkybox":false,"showFlares":true,"showImageEffects":true,"showParticleSystems":true},"in2DMode":false,"pivot":{"x":-40.98222732543945,"y":18.174413681030275,"z":-47.790000915527347},"rotation":{"x":0.29881176352500918,"y":0.6864733695983887,"z":-0.37536200881004336,"w":0.5464149117469788},"size":87.76348876953125,"orthographic":false}